"303 North Elder Street Indianapolis, IN 46222"
"1754 West Morris Street Indianapolis, Indiana 46221"
"9039 West Washington Street Indianapolis, IN 46231"
"2410 North Station Street Indianapolis, Indiana 46218"
"1350 North Pennsylvania Street Lower Level Indianapolis, IN 46202"
"1435 North Illinois Street Indianapolis, Indiana 46202"
"1035 North Oxford Avenue Indianapolis, IN 46201"
"701 North Delaware Street Indianapolis, Indiana 46204"
"2020 North Girls School Road Entrance 10 Indianapolis, IN 46214"
"6601 North Grandview Drive Indianapolis, IN 46260"
"2809 East 56Th Street Indianapolis, IN 46220"
"8540 Us Highway 31 South Indianapolis, IN 46227"
"502 North Tremont Avenue Indianapolis, IN 46222"
"3445 West 71st Street Indianapolis, IN 46268"
"900 West 30th Street Indianapolis, IN 46208"
"40 West 40th Street, Indianapolis, IN 46208"
"5255 Butler Terrace, Indianapolis, IN 46218"
"1805 West Wilkins Street, Indianapolis, IN 46221"
"24 S Lynhurst Indianapolis, IN 46241"
"6940 North Michigan Road Pecar Health Center Indianapolis, IN 46268"
"5719 Massachusetts Avenue Indianapolis, Indiana 46218"
"2809 East 56th Street Indianapolis, IN 46220"
"3740 South Dearborn Street Indianapolis, IN 46237"
"8902 East 38Th Street Indianapolis, Indiana 46226"
"2830 South Holt Road Indianapolis, IN 46241"
"3332 East English Avenue Indianapolis, IN 46201"
"116 South Muessing Street Indianapolis, IN 46229"
"8600 Meadowlark Drive Indianapolis, IN 46226"
"1733 East 46Th Street Indianapolis, Indiana 46205"
"5901 Lafayette Road Indianapolis, Indiana 46254"
"5943 Lafayette Road Indianapolis, IN 46254"
"1970 Caroline Avenue Indianapolis, Indiana 46218"
"1209 Linden Street Indianapolis, Indiana 46203"
"2990 West 71St Street Indianapolis, Indiana 46268"
"8600 North College Avenue Indianapolis, IN 46240"
"2024 East 12Th Street Indianapolis, IN 46201"
"1637 East Prospect Street Indianapolis, IN 46203"
"5603 East 38Th Street Indianapolis, Indiana 46218"
"601 East 17Th Street Indianapolis, IN 46202"
"1061 East Southern Avenue Indianapolis, Indiana 46203"
"3737 Waldemere Avenue Indianapolis, IN 46241"
"3737 Waldemere Avenue Indianapolis, Indiana 46241"
"8946 Southeastern Avenue Indianapolis, IN 46239"
"5840 East 16th Street Indianapolis, IN 46218"
"2904 North Temple Avenue Indianapolis, IN 46218"
"5062 Pike Plaza Road Indianapolis, Indiana 46254"
"70 North Mount Street Indianapolis, IN 46222"
"1416 East Epler Avenue Indianapolis, IN 46227"
"964 North Pennsylvania Street Indianapolis, Indiana 46204"
"2236 East 10th Street Indianapolis, IN 46201"
"2510 East 34th Street Indianapolis, IN 46218"
"3326 West 10th Street Indianapolis, Indiana 46222"
"8902 East 38Th Street Indianapolis, IN 46226"
"47 Beachway Drive Indianapolis, IN 46224"
"4424 East Michigan Street Indianapolis, Indiana 46201"
"10640 Deme Drive, Suite P Indianapolis, IN 46236"
"5321 East 42nd Street Indianapolis, Indiana 46226"
"40 West 40Th Street Indianapolis, IN 46208"
"3935 Mooresville Road Indianapolis, IN 46221"
"1920 West Morris Street Indianapolis, IN 46221"
"952 North Pennsylvania Street Indianapolis, Indiana 46204"
"3333 North Meridian Street Indianapolis, IN 46208"
"9610 East 42Nd Street Indianapolis, Indiana 46235"
"3500 North Graceland Avenue Indianapolis, IN 46208"
"5415 East 34Th Street Indianapolis, IN 46218"
"4501 East Fletcher Avenue Indianapolis, Indiana 46203"
"3021 East 71st Street Indianapolis, Indiana 46220"
"4550 Central Avenue Indianapolis, IN 46205"
"8032 East 21St Street Indianapolis, Indiana 46219"
"101 East Raymond Street Indianapolis, IN 46225"
"802 Edgemont Avenue Indianapolis, IN 46208"
"5625 West 30th Street Indianapolis, Indiana 46224"
"1701 Dr. Andrew J. Brown Avenue Indianapolis, IN 46202"
"4625 North Kenwood Avenue Indianapolis, Indiana 46208"
"2601 East Thompson Road Indianapolis, IN 46227"
"3001 East 30th Street Indianapolis, IN 46218"
"1201 East Maryland Street Indianapolis, Indiana 46202"
"1337 South Shelby Street Indianapolis, IN 46203"
"5602 Elmwood Avenue, Suite 212 Indianapolis, IN 46203"
"4107 East Washington Street Indianapolis, IN 46201"
"3801 Forest Manor Avenue Indianapolis, IN 46226"
"6500 Southeastern Avenue Indianapolis, IN 46203"
"2253 Dr. Andrew J. Brown Street Indianapolis, IN 46205"
"29 North Grant Street Indianapolis, Indiana 46201"
"3685 Commercial Drive Indianapolis, IN 46222"
"2801 West Washington Street Indianapolis, IN 46222"
"445 North State Avenue Indianapolis, Indiana 46201"
"7061 Twin Oaks Drive Suite H  Indianapolis, Indiana 46226"